{
  "accuracy": 0.8695652173913043,
  "precision": 0.8307692307692308,
  "recall": 0.8852459016393442,
  "f1": 0.8571428571428571,
  "roc_auc": 0.9625292740046838,
  "confusion_matrix": [
    [
      66,
      11
    ],
    [
      7,
      54
    ]
  ],
  "best_params": {
    "model__C": 1.0,
    "model__class_weight": "balanced",
    "model__penalty": "l1"
  },
  "best_cv_f1": 0.8457993006283356,
  "train_rows": 552,
  "test_rows": 138
}